Timestamp,AcX,AcY,AcZ,Pulse,Predicted_State,Confidence,Disturbance_Reason
1772598921872.0,-0.019977869425735206,-0.00783429376487685,0.1006263407392601,62.976733195792605,Poor Sleep,0.67,High movement or unstable HRV
1772598921972.0,-0.024585965712803942,0.009131754480845885,0.07550918435824965,59.678922616360786,Poor Sleep,0.67,High movement or unstable HRV
1772598922072.0,-0.08997442693047138,-0.016165134285197814,-0.021419731732426422,69.91147270059125,Poor Sleep,0.67,High movement or unstable HRV
1772598922172.0,-0.10342778885298631,-0.023505119117887663,0.02169809942713563,64.25361613110145,Poor Sleep,0.67,High movement or unstable HRV
1772598922272.0,0.027777387592039758,-0.03332084219239522,0.06517294580728578,67.77390712125957,Poor Sleep,0.67,High movement or unstable HRV
1772598922372.0,-0.005285477537437803,-0.008354516123994257,-0.01517739002531055,67.1663362911431,Poor Sleep,0.67,High movement or unstable HRV
1772598922472.0,-0.07502240919213414,0.0035247595081129143,-0.02603048400620652,62.49817965866744,Poor Sleep,0.67,High movement or unstable HRV
1772598922572.0,0.004899048112207052,0.0034378079579980023,0.013530754404487895,66.6702993132765,Poor Sleep,0.67,High movement or unstable HRV
1772598922672.0,0.040867073058971894,0.024039310487371266,0.00012787552340927724,60.6115503387397,Poor Sleep,0.67,High movement or unstable HRV
1772598922772.0,0.024400527852399795,0.09467481931008244,0.03420537142388329,67.23656285532999,Poor Sleep,0.67,High movement or unstable HRV
1772598922872.0,-0.048195085264316706,0.035535658794341764,0.006583660404544342,68.61973174794015,Poor Sleep,0.67,High movement or unstable HRV
1772598922972.0,0.07345365779449267,0.03303146677836117,0.011339543889007368,66.08531063398873,Poor Sleep,0.67,High movement or unstable HRV
1772598923072.0,0.008630245016476763,-0.025532483760809695,0.01958936191671378,63.50757898553074,Poor Sleep,0.67,High movement or unstable HRV
1772598923172.0,-0.065350089834859,0.010060352497082313,0.01599072106653148,61.772342125500934,Poor Sleep,0.67,High movement or unstable HRV
1772598923272.0,0.0616444526119217,-0.01339355817175857,0.02728212722057144,67.642455011599,Poor Sleep,0.67,High movement or unstable HRV
1772598923372.0,0.04742514869978917,0.036344495092611735,0.05686353800135185,60.568878291297736,Poor Sleep,0.67,High movement or unstable HRV
1772598923472.0,-0.04428886738072768,0.006226900051368054,-0.04576297212378357,67.71851680646719,Poor Sleep,0.67,High movement or unstable HRV
1772598923572.0,-0.0540846774401161,0.04060080441526847,-0.04262959828617028,58.52437113648524,Poor Sleep,0.67,High movement or unstable HRV
1772598923672.0,0.06841161077762868,0.04445263036245526,0.0038950221071585344,66.46606290053485,Poor Sleep,0.67,High movement or unstable HRV
1772598923772.0,-0.07904828928299296,0.050500154727266766,-0.06467144441246941,66.92031253495989,Poor Sleep,0.67,High movement or unstable HRV
1772598923872.0,0.0011285276098857919,-0.0016975978732006371,0.10249323498230632,65.72483734377612,Poor Sleep,0.67,High movement or unstable HRV
1772598923972.0,-0.03998428596989422,0.01498118410151904,0.009306216671958106,62.68771558065979,Poor Sleep,0.67,High movement or unstable HRV
1772598924072.0,-0.06706081280623034,0.033523972335366345,0.013883953212019705,70.44282953296593,Poor Sleep,0.67,High movement or unstable HRV
1772598924172.0,0.022364373554262955,0.0327706761385346,-0.028606087090394923,61.37692750564794,Poor Sleep,0.67,High movement or unstable HRV
1772598924272.0,0.020165082936984158,-0.024230300888662494,0.019327735881469115,61.92230720094903,Poor Sleep,0.67,High movement or unstable HRV
1772598924372.0,0.06651140569499583,-0.034348783058128045,0.09014634363068963,74.18534135719878,Poor Sleep,0.67,High movement or unstable HRV
1772598924472.0,-0.04302175093565921,0.007886597804481721,0.09429412134314383,65.42739698766226,Poor Sleep,0.67,High movement or unstable HRV
1772598924572.0,-0.07652255533354674,-0.002631078311303157,0.09020465499348232,63.39579586168518,Poor Sleep,0.67,High movement or unstable HRV
1772598924672.0,0.08041913350541378,-0.013747262694906335,0.07729143804562445,60.55194734838979,Poor Sleep,0.67,High movement or unstable HRV
1772598924772.0,0.011042996809751668,0.005505458422202225,-0.02537249154941181,61.935706976691165,Poor Sleep,0.67,High movement or unstable HRV
1772598924872.0,0.06722269995915302,0.0021193810008355712,0.028826016918541045,61.33322870506302,Poor Sleep,0.67,High movement or unstable HRV
1772598924972.0,0.021115777484575708,0.0011922820636759736,0.003010042196800575,50.71406463642182,Poor Sleep,0.67,High movement or unstable HRV
1772598925072.0,0.05799590176499717,0.0711374422387404,-0.028477540330772842,74.07574536931384,Poor Sleep,0.67,High movement or unstable HRV
1772598925172.0,-0.06154331718702035,0.05853286750933106,0.05154825109140964,71.36785336140316,Poor Sleep,0.67,High movement or unstable HRV
1772598925272.0,0.04265732507888767,0.056947490338660076,-0.04243514259864469,58.19280925406635,Poor Sleep,0.67,High movement or unstable HRV
1772598925372.0,0.030077230813816552,-0.005435977771006843,-0.0641450379116017,69.22928126756041,Poor Sleep,0.67,High movement or unstable HRV
1772598925472.0,0.02429264033416613,-0.06338310323677476,0.013516037381808368,62.193283506574545,Poor Sleep,0.67,High movement or unstable HRV
1772598925572.0,-0.026226924033051102,0.068380313372471,-0.0831799244491099,71.35854098047871,Poor Sleep,0.67,High movement or unstable HRV
1772598925672.0,-0.007099975091168892,0.026088882659488576,-0.0460812777166004,61.43182559131213,Poor Sleep,0.67,High movement or unstable HRV
1772598925772.0,-0.007087597008252558,-0.00269422559912633,-0.01774849206615798,69.20242491856962,Poor Sleep,0.67,High movement or unstable HRV
1772598925872.0,0.005343802156232292,-0.04441739912556284,0.03580890958555251,62.06917030628391,Poor Sleep,0.67,High movement or unstable HRV
1772598925972.0,0.004601930798799928,0.02869225538923076,-0.009407507636442726,68.89896618899087,Poor Sleep,0.67,High movement or unstable HRV
1772598926072.0,-0.005724083789923206,-0.004418274453804131,0.055581743430024935,69.42519447609813,Poor Sleep,0.67,High movement or unstable HRV
1772598926172.0,-0.02691053596562007,0.05332236102776638,0.0007393987219900863,72.21193839263637,Poor Sleep,0.67,High movement or unstable HRV
1772598926272.0,0.025156837837476638,-0.002677211922879983,-0.061781365650500124,54.16519986356659,Poor Sleep,0.67,High movement or unstable HRV
1772598926372.0,-0.09860626274419745,-0.0026519052620929146,-0.02129939988249961,67.89110489343936,Poor Sleep,0.67,High movement or unstable HRV
1772598926472.0,-0.03451921672235427,-0.034600132264529966,-0.02608288981475851,60.047623209633755,Poor Sleep,0.67,High movement or unstable HRV
1772598926572.0,-0.02178523945543183,0.004547869847833216,-0.017792549428389176,64.47251946167641,Poor Sleep,0.67,High movement or unstable HRV
1772598926672.0,-0.02672520874880608,0.02322515309899566,-0.008720230973138425,64.50588016069676,Poor Sleep,0.67,High movement or unstable HRV
1772598926772.0,0.04700080917236487,0.005939439712192316,0.006012396600601831,64.36368145831423,Poor Sleep,0.67,High movement or unstable HRV
1772598926872.0,-0.0009722242490311037,0.09391974497425427,0.06397547372502542,60.768838611587356,Poor Sleep,0.67,High movement or unstable HRV
1772598926972.0,-0.0008101856360611896,-0.019520966497961367,-0.022071694239624927,64.14583136537605,Poor Sleep,0.67,High movement or unstable HRV
1772598927072.0,0.08896855700293418,0.09369659387195334,0.0858164249713336,66.62864140685454,Poor Sleep,0.67,High movement or unstable HRV
1772598927172.0,0.005253261003963013,-0.03995408873736136,-0.03138452765133839,75.20275477481033,Poor Sleep,0.67,High movement or unstable HRV
1772598927272.0,-0.04305449701811981,-0.0532212809496112,-0.043034776904284755,62.59790786864861,Poor Sleep,0.67,High movement or unstable HRV
1772598927372.0,0.041324260916599256,-0.02826657277170297,0.09557798914316158,64.67895413159961,Poor Sleep,0.67,High movement or unstable HRV
1772598927472.0,0.038598523177020526,0.0010067918571564933,0.023958687425539152,69.39973958192782,Poor Sleep,0.67,High movement or unstable HRV
1772598927572.0,-0.006562654818294872,0.08053457348371164,0.017264854411394713,67.39678836676826,Poor Sleep,0.67,High movement or unstable HRV
1772598927672.0,0.03312222259182677,0.046017005309833645,0.03873192683484305,65.14215667909616,Poor Sleep,0.67,High movement or unstable HRV
1772598927772.0,0.020986337617493703,0.10884128872884795,0.0370565924493111,60.16434591173739,Poor Sleep,0.67,High movement or unstable HRV
1772598927872.0,0.015215386188404713,0.05105248936906655,0.03080555700186468,66.01801280773692,Poor Sleep,0.67,High movement or unstable HRV
1772598927972.0,-0.09236355971384957,0.023907946466887667,0.0024863403279683305,70.83315191569744,Poor Sleep,0.67,High movement or unstable HRV
1772598928072.0,-0.020220948657335383,0.044184279868234214,0.039951734661373424,62.521449853855145,Poor Sleep,0.67,High movement or unstable HRV
1772598928172.0,-0.0031937663553355707,0.008172227315066708,0.10303448645248083,64.57108349426747,Poor Sleep,0.67,High movement or unstable HRV
1772598928272.0,0.05830846820290761,0.06355504508164309,-0.07674979527895995,66.92609958048568,Poor Sleep,0.67,High movement or unstable HRV
1772598928372.0,0.041565889471926784,-0.02349143549297858,-0.06706085064970248,64.74060356556514,Poor Sleep,0.67,High movement or unstable HRV
1772598928472.0,-0.06130108024302714,-0.05747669676589389,-0.07564386711119665,67.60715626420347,Poor Sleep,0.67,High movement or unstable HRV
1772598928572.0,0.022415163652089273,-0.061886864905341364,-0.08783170622221506,70.66452163591467,Poor Sleep,0.67,High movement or unstable HRV
1772598928672.0,-0.09490076176766837,0.02568358050507677,0.03971038066232565,62.270196796297974,Poor Sleep,0.67,High movement or unstable HRV
1772598928772.0,-0.025833370101970808,0.05571413217785231,0.012047311799979511,67.84254119291202,Poor Sleep,0.67,High movement or unstable HRV
1772598928872.0,-0.04491549539928934,0.0019126469790173035,-0.053792168035318076,57.18821170636335,Poor Sleep,0.67,High movement or unstable HRV
1772598928972.0,0.03989154957906899,0.017065358188466558,0.04966809259486034,71.91973557532299,Poor Sleep,0.67,High movement or unstable HRV
1772598929072.0,-0.04581776552752764,0.029008042597082312,-0.06695883872655845,58.69431589467973,Poor Sleep,0.67,High movement or unstable HRV
1772598929172.0,-0.0011076496383476183,-0.027127560259785993,-0.0010954620581218617,61.072832808452205,Poor Sleep,0.67,High movement or unstable HRV
1772598929272.0,-0.09460745351556041,0.010807849458485078,-0.0007822470985402886,58.813115357377775,Poor Sleep,0.67,High movement or unstable HRV
1772598929372.0,0.11756807552916834,0.016686606512424085,0.01094372286795006,58.248916671877296,Poor Sleep,0.67,High movement or unstable HRV
1772598929472.0,-0.04214469298136845,0.04601557097560609,-0.01637374225988189,62.33471238590251,Poor Sleep,0.67,High movement or unstable HRV
1772598929572.0,0.019715708516854377,0.09065875919985135,0.003099784071761499,62.90745769967647,Poor Sleep,0.67,High movement or unstable HRV
1772598929672.0,0.004259847233434776,0.06448442101890282,0.0843930514282861,67.02415523334017,Poor Sleep,0.67,High movement or unstable HRV
1772598929772.0,0.017284361868497626,0.051535014906517754,0.042234546586195625,65.3263484315648,Poor Sleep,0.67,High movement or unstable HRV
1772598929872.0,0.034348721772237516,-0.0024465836162504955,0.031548868563679555,60.46022321264864,Poor Sleep,0.67,High movement or unstable HRV
1772598929972.0,-0.02497752605154608,0.09792939939545872,0.003112583784812802,71.56872776318974,Poor Sleep,0.67,High movement or unstable HRV
1772598930072.0,-0.08557203302223225,0.044377131089657046,0.01162798930895851,68.74775330329221,Poor Sleep,0.67,High movement or unstable HRV
1772598930172.0,-0.017555300976507794,0.020368197103366174,0.0692878406081676,54.04469609148701,Poor Sleep,0.67,High movement or unstable HRV
1772598930272.0,-0.013685032725147246,0.07767372121979813,0.022760784256250104,66.28677359248091,Poor Sleep,0.67,High movement or unstable HRV
1772598930372.0,0.006431723542568204,0.0346408280108979,-0.009727469787444565,68.80718788817205,Poor Sleep,0.67,High movement or unstable HRV
1772598930472.0,0.04661022736694985,-0.005447037663500579,0.056560281969709005,66.34274342313506,Poor Sleep,0.67,High movement or unstable HRV
1772598930572.0,-0.03961324835759603,0.10731042381324389,-0.0199821074722046,64.8744618020516,Poor Sleep,0.67,High movement or unstable HRV
1772598930672.0,0.0994490907123701,0.042936508814616386,0.03388841796308215,63.04033434529523,Poor Sleep,0.67,High movement or unstable HRV
1772598930772.0,0.02298396983685468,-0.025884973588848746,0.010764399366032195,65.55902188622085,Poor Sleep,0.67,High movement or unstable HRV
1772598930872.0,0.022011646933901445,-0.03428921989405915,-0.029705452230520492,67.1709110376325,Poor Sleep,0.67,High movement or unstable HRV
1772598930972.0,0.032672044177371566,-0.014222335895680964,0.0005609549133247307,64.55896589566828,Poor Sleep,0.67,High movement or unstable HRV
1772598931072.0,0.07415654053391185,0.015133287785521896,0.053755456156323114,57.79126008946222,Poor Sleep,0.67,High movement or unstable HRV
1772598931172.0,0.006794822616646622,-0.016718044124288255,0.0376033870160471,69.49484104606019,Poor Sleep,0.67,High movement or unstable HRV
1772598931272.0,0.04417060567660168,0.11299842167787223,0.047753949318083515,65.63817517500732,Poor Sleep,0.67,High movement or unstable HRV
1772598931372.0,-0.10212790899598172,-0.05459797110442067,0.055361266049687476,67.48365490564073,Poor Sleep,0.67,High movement or unstable HRV
1772598931472.0,-0.005197074795758434,-0.021792878945166225,0.024582230928410873,66.0166349988634,Poor Sleep,0.67,High movement or unstable HRV
1772598931572.0,-0.004506704822130279,0.022407131453360485,0.02271643948987271,76.23765065052626,Poor Sleep,0.67,High movement or unstable HRV
1772598931672.0,0.03098411843859767,0.08172620446142008,0.05405053404574204,72.33359086432424,Poor Sleep,0.67,High movement or unstable HRV
1772598931772.0,-0.0473444078203995,0.03933921983101979,0.03587074673279137,63.50375134383419,Poor Sleep,0.67,High movement or unstable HRV
1772598931872.0,0.056620405230642205,0.041004678638783286,0.03515818295848996,65.54941810104556,Poor Sleep,0.67,High movement or unstable HRV
1772598931972.0,0.025023566471239107,0.01929216446628376,-0.06910238809124228,67.1976047744143,Poor Sleep,0.67,High movement or unstable HRV
1772598932072.0,0.05048469909128144,0.03845214977164839,-0.04524150556952141,62.33609811626025,Poor Sleep,0.67,High movement or unstable HRV
1772598932172.0,0.0769252358054927,0.004683643279368403,-0.07742668247680669,65.26674126484033,Poor Sleep,0.67,High movement or unstable HRV
1772598932272.0,-0.023457701705123277,0.10277010175759063,0.038240087658720646,66.99394919766735,Poor Sleep,0.67,High movement or unstable HRV
1772598932372.0,-0.0027617299589707857,0.06481304634586973,-0.006117389722754258,67.77452141543871,Poor Sleep,0.67,High movement or unstable HRV
1772598932472.0,0.03315915050728951,0.0199740243730247,0.033895482103078106,61.19761876016807,Poor Sleep,0.67,High movement or unstable HRV
1772598932572.0,0.04584737986574526,-0.013516070638292478,0.10052741314180817,73.83491227834114,Poor Sleep,0.67,High movement or unstable HRV
1772598932672.0,-0.02664866823761706,-0.05966856798523689,0.042328959966120294,61.52618025851124,Poor Sleep,0.67,High movement or unstable HRV
1772598932772.0,-0.012009273790122633,0.06385206210760414,0.004994189755463898,68.42596993887251,Poor Sleep,0.67,High movement or unstable HRV
1772598932872.0,0.005574562236936789,0.1183553099365667,0.00119742290150468,65.13652379931942,Poor Sleep,0.67,High movement or unstable HRV
1772598932972.0,0.07496536552581558,-0.006487619745314104,-0.010390805053750765,63.50150053051402,Poor Sleep,0.67,High movement or unstable HRV
1772598933072.0,-0.026597989681838477,-0.020210190260768292,0.05009440225054051,64.62126871976133,Poor Sleep,0.67,High movement or unstable HRV
1772598933172.0,0.06668326877908187,0.043360085003975306,0.022239358550701915,58.28169669671695,Poor Sleep,0.67,High movement or unstable HRV
1772598933272.0,-0.06288544332850522,0.0410796869721943,0.009110977354606649,64.03792034432057,Poor Sleep,0.67,High movement or unstable HRV
1772598933372.0,0.014809752552924587,0.002240648785079658,-0.015681973055189702,64.70819037332666,Poor Sleep,0.67,High movement or unstable HRV
1772598933472.0,0.11042656842798645,0.0009258307132938414,0.013455795986392485,68.45282022260278,Poor Sleep,0.67,High movement or unstable HRV
1772598933572.0,-0.0036564614191313387,0.03213059053173619,-0.10008979639457993,69.4966187521224,Poor Sleep,0.67,High movement or unstable HRV
1772598933672.0,0.07154542846522095,0.0015278427415949328,0.04774314755982614,66.68946542265641,Poor Sleep,0.67,High movement or unstable HRV
1772598933772.0,0.06947502533025773,-0.01926277507970802,0.006969949975470183,66.46240770294351,Poor Sleep,0.67,High movement or unstable HRV
1772598933872.0,-0.08011791503195888,-0.01544327052027779,-0.024592968580803384,57.559041598316085,Poor Sleep,0.67,High movement or unstable HRV
1772598933972.0,-0.03187182846624603,0.02340839674553573,-0.01595258311266213,64.92043239427959,Poor Sleep,0.67,High movement or unstable HRV
1772598934072.0,0.01516239500113079,0.003071674781296641,0.04443478835334766,68.58283251492796,Poor Sleep,0.67,High movement or unstable HRV
1772598934172.0,0.02151347693132373,0.003912802616452566,0.06359065690260308,70.7893007121902,Poor Sleep,0.67,High movement or unstable HRV
1772598934272.0,-0.0066565614331501825,0.0706349285177261,0.04902335161720601,65.1980186000563,Poor Sleep,0.67,High movement or unstable HRV
1772598934372.0,-0.013828123804562156,-0.05667977584758748,0.1032749695976653,59.71837326848592,Poor Sleep,0.67,High movement or unstable HRV
1772598934472.0,-0.0003448736392081646,-0.003542638690607584,-0.01781584224065042,65.51224637362463,Poor Sleep,0.67,High movement or unstable HRV
1772598934572.0,-0.010088450752568557,0.0843685070123655,0.03747723891740359,60.10403905745712,Poor Sleep,0.67,High movement or unstable HRV
1772598934672.0,-0.028406167600204653,0.004745738191502811,0.04856739080840745,62.56081342357686,Poor Sleep,0.67,High movement or unstable HRV
1772598934772.0,0.09474518372721376,0.03996122035384899,0.050262240151347455,66.94450501200406,Poor Sleep,0.67,High movement or unstable HRV
1772598934872.0,0.038345787980049784,-0.03478241677079243,-0.01895814553184838,69.19033256011252,Poor Sleep,0.67,High movement or unstable HRV
1772598934972.0,0.0815814532921134,0.030123933604532867,0.04296443820127665,62.1065251772128,Poor Sleep,0.67,High movement or unstable HRV
1772598935072.0,0.089289285613202,0.06870933478766138,0.10752708145116426,66.04167047436934,Poor Sleep,0.67,High movement or unstable HRV
1772598935172.0,0.028058670555380805,0.142650083740628,0.04175056402537002,61.00269086138122,Poor Sleep,0.67,High movement or unstable HRV
1772598935272.0,0.032783459924992826,0.07055892505550357,0.01995677908699693,69.57136492436919,Poor Sleep,0.67,High movement or unstable HRV
1772598935372.0,0.03152042063221505,-0.01815048601377959,0.09440656168476522,58.734372392735004,Poor Sleep,0.67,High movement or unstable HRV
1772598935472.0,0.02250972859122823,0.03933501464504393,0.12503018014842007,61.42470749304792,Poor Sleep,0.67,High movement or unstable HRV
1772598935572.0,0.02947204880643696,0.052705518696085356,0.04554158459589084,62.51900415743073,Poor Sleep,0.67,High movement or unstable HRV
1772598935672.0,-0.11014044205976196,-0.06844107807585105,-0.05890954098835962,68.88923372636341,Poor Sleep,0.67,High movement or unstable HRV
1772598935772.0,0.13083688912741173,0.03345771206982254,0.038486968115580514,65.49565397336295,Poor Sleep,0.67,High movement or unstable HRV
1772598935872.0,0.029997969678342236,0.0005816261248439616,-0.009508642513088259,68.81662948050341,Poor Sleep,0.67,High movement or unstable HRV
1772598935972.0,0.04222457585548761,0.09444842729348947,-0.07262964470765639,64.16663983588263,Poor Sleep,0.67,High movement or unstable HRV
1772598936072.0,0.04723396982727173,-0.0031506687380575774,-0.0718809343905888,54.31950363176371,Poor Sleep,0.67,High movement or unstable HRV
1772598936172.0,-0.007732875983840306,-0.012570757564507288,-0.050788964876139396,63.435149019014865,Poor Sleep,0.67,High movement or unstable HRV
1772598936272.0,-0.026040157334421103,-0.09309324327693676,-0.028409037015282045,61.68261785260374,Poor Sleep,0.67,High movement or unstable HRV
1772598936372.0,0.052567154050511364,0.0783112792373192,0.09600865926934363,67.08561905971679,Poor Sleep,0.67,High movement or unstable HRV
1772598936472.0,0.058671744426250234,-0.024494219080640138,0.04361744037946403,67.26064288144752,Poor Sleep,0.67,High movement or unstable HRV
1772598936572.0,-0.07700043944389103,0.014920445418512627,0.03744995349737718,60.28352244140833,Poor Sleep,0.67,High movement or unstable HRV
1772598936672.0,-0.008198822950058126,0.07483132088911086,0.030317527467447904,77.03286848365512,Poor Sleep,0.67,High movement or unstable HRV
1772598936772.0,0.03782527522136639,0.02687978987491299,0.02848661811507927,62.538790681038954,Poor Sleep,0.67,High movement or unstable HRV
1772598936872.0,0.024779484535013697,-0.009643895143838366,0.019305143016582583,69.6835324101073,Poor Sleep,0.67,High movement or unstable HRV
1772598936972.0,0.09381698775777418,0.0983331500400039,0.06903349549634848,65.69876154882385,Poor Sleep,0.67,High movement or unstable HRV
1772598937072.0,0.025309069644989107,-0.05034913407923101,0.06682785439683443,56.48471622712544,Poor Sleep,0.67,High movement or unstable HRV
1772598937172.0,0.026938291142397416,-0.02797709958234721,-0.07383603857480205,61.921486309444155,Poor Sleep,0.67,High movement or unstable HRV
1772598937272.0,0.06333348761519268,-0.04270451958429339,0.11576592099779597,64.7243040508691,Poor Sleep,0.67,High movement or unstable HRV
1772598937372.0,0.07221895574765157,-0.05441643340180279,-0.09249634251593154,68.94990920391973,Poor Sleep,0.67,High movement or unstable HRV
1772598937472.0,-0.03608214183415299,0.0022170921609245813,0.0027610487270757107,60.77891552387715,Poor Sleep,0.67,High movement or unstable HRV
1772598937572.0,0.08263312127739537,-0.046364272517637306,-0.04450409172635554,79.16318141189015,Poor Sleep,0.67,High movement or unstable HRV
1772598937672.0,0.04123335955338479,-0.001140706033751911,0.10511362666116987,68.12521233210782,Poor Sleep,0.67,High movement or unstable HRV
1772598937772.0,0.027772616413740348,0.02103443859337762,-0.00750256651948311,67.38661553776232,Poor Sleep,0.67,High movement or unstable HRV
1772598937872.0,0.018147037813232618,0.020256970748136018,0.048474612495083946,59.50898111761411,Poor Sleep,0.67,High movement or unstable HRV
1772598937972.0,-0.0387753024332462,0.025550859459564174,0.06755969965777608,58.66402999046749,Poor Sleep,0.67,High movement or unstable HRV
1772598938072.0,0.029434115422526656,0.06561233090582021,-0.02053566148985246,65.09105631655228,Poor Sleep,0.67,High movement or unstable HRV
1772598938172.0,-0.028147130287177677,-0.011970126261665182,7.911691208508861e-05,67.6917474535568,Poor Sleep,0.67,High movement or unstable HRV
1772598938272.0,-0.08211499893354982,0.023317460718238467,-0.05471611105514975,66.00455484535884,Poor Sleep,0.67,High movement or unstable HRV
1772598938372.0,0.006792471023562428,0.09124545290324286,-0.031487996241538016,67.86242932802672,Poor Sleep,0.67,High movement or unstable HRV
1772598938472.0,-0.08724472794048216,0.05435209901775686,0.02364882494057568,65.79710806830774,Poor Sleep,0.67,High movement or unstable HRV
1772598938572.0,0.07545526747370698,-0.026536103857106065,0.0160197666642831,74.32083565715492,Poor Sleep,0.67,High movement or unstable HRV
1772598938672.0,-0.007117764700235748,0.011024107085075736,0.12480876638139908,65.67505551228858,Poor Sleep,0.67,High movement or unstable HRV
1772598938772.0,0.04016403987575884,0.03322263626601643,0.023773631440988475,64.06869518381023,Poor Sleep,0.67,High movement or unstable HRV
1772598938872.0,0.08725733293709512,0.050767640370739546,-0.0403000384626628,60.75937636455822,Poor Sleep,0.67,High movement or unstable HRV
1772598938972.0,-0.007657292778187124,-0.015307668754019581,-0.018230178422181505,74.5795398382379,Poor Sleep,0.67,High movement or unstable HRV
1772598939072.0,-0.020531664503162128,-0.0064633098280891515,-0.009430388853827113,74.13072606196658,Poor Sleep,0.67,High movement or unstable HRV
1772598939172.0,-0.10159584808777929,0.04601263793683981,0.07942927687056686,68.59947070334242,Poor Sleep,0.67,High movement or unstable HRV
1772598939272.0,0.07557402156430582,-0.002899319933769141,0.018103173299463975,69.1329131238891,Poor Sleep,0.67,High movement or unstable HRV
1772598939372.0,0.08445490133955287,0.01060733862325032,0.017539280040005958,71.50109060693364,Poor Sleep,0.67,High movement or unstable HRV
1772598939472.0,-0.02369767440027192,0.012506043038442783,0.04633312615459284,69.14414628596616,Poor Sleep,0.67,High movement or unstable HRV
1772598939572.0,0.02758176856705899,-0.13359377960128033,0.0461736638965313,66.9408920302343,Poor Sleep,0.67,High movement or unstable HRV
1772598939672.0,-0.011681946706131858,0.023877961644790557,0.07758691188450396,61.885248935013315,Poor Sleep,0.67,High movement or unstable HRV
1772598939772.0,0.0045893246898508515,0.0027005462912030754,0.06784390715645953,59.425808838532944,Poor Sleep,0.67,High movement or unstable HRV
1772598939872.0,-0.039305349346864756,0.13729855875321,0.041447656650418815,62.605769213217094,Poor Sleep,0.67,High movement or unstable HRV
1772598939972.0,0.004437928935400024,-0.06489367161796104,-0.05238240070331337,63.127386771573214,Poor Sleep,0.67,High movement or unstable HRV
1772598940072.0,0.015028171075647094,-0.09218504817046842,-0.011404260177684223,74.48611882395294,Poor Sleep,0.67,High movement or unstable HRV
1772598940172.0,0.04997657586873289,0.07883900601713391,0.03300096557365366,63.831259617801884,Poor Sleep,0.67,High movement or unstable HRV
1772598940272.0,0.04626823882788412,0.02961857628082864,-0.02992037437305181,73.65046426662406,Poor Sleep,0.67,High movement or unstable HRV
1772598940372.0,0.012675200574265064,0.04349755309786244,-0.07203336768127624,59.16362556107553,Poor Sleep,0.67,High movement or unstable HRV
1772598940472.0,0.03511245309026862,-0.006127840068305806,-0.06131415314649349,66.39445550878729,Poor Sleep,0.67,High movement or unstable HRV
1772598940572.0,0.1085370408328218,0.05647293520279683,0.039799341322378785,68.35050530250022,Poor Sleep,0.67,High movement or unstable HRV
1772598940672.0,0.01801578999161308,0.049031105087237,-0.07660279545492353,70.35286469286366,Poor Sleep,0.67,High movement or unstable HRV
1772598940772.0,0.029461097190296416,0.015670271845297033,-0.04087892293579074,57.226936515803864,Poor Sleep,0.67,High movement or unstable HRV
1772598940872.0,-0.06795315236367887,0.12555771410578193,-0.0016858755796722094,64.1016197609014,Poor Sleep,0.67,High movement or unstable HRV
1772598940972.0,0.01446951943733489,0.041429074127341446,0.014783077405294507,73.00113440728144,Poor Sleep,0.67,High movement or unstable HRV
1772598941072.0,0.017289463438983636,-0.05502959041818877,-0.04676821942891196,67.98949404975052,Poor Sleep,0.67,High movement or unstable HRV
1772598941172.0,0.04488641084174621,0.07588836946928183,0.07927405013148538,71.48621595179344,Poor Sleep,0.67,High movement or unstable HRV
1772598941272.0,0.055584734212161056,-0.01881239898554314,0.02913265112855274,60.9349009645016,Poor Sleep,0.67,High movement or unstable HRV
1772598941372.0,-0.1901150618362952,-0.024788430278624998,0.07973078145473918,58.844317983224016,Poor Sleep,0.67,High movement or unstable HRV
1772598941472.0,0.09142290041125499,0.08016275488555313,0.029663558082423394,60.8249743911596,Poor Sleep,0.67,High movement or unstable HRV
1772598941572.0,0.05002995020586839,-0.09426962230647407,-0.052260461553987156,75.36876272543078,Poor Sleep,0.67,High movement or unstable HRV
1772598941672.0,-0.022057620156727575,-0.08951490326606378,0.02546093850835768,67.86339769733185,Poor Sleep,0.67,High movement or unstable HRV
1772598941772.0,0.046793360198169064,0.136204194556064,-0.025397933445562813,63.914218183233864,Poor Sleep,0.67,High movement or unstable HRV
1772598941872.0,0.06505908731606717,0.06542252877214365,-0.05098828623278366,63.489876378778995,Poor Sleep,0.67,High movement or unstable HRV
1772598941972.0,0.028367604055876336,-0.032684218774387604,-0.05754446538105117,68.13269278746975,Poor Sleep,0.67,High movement or unstable HRV
1772598942072.0,-0.09233808568374242,0.07118788759377441,-0.028804774443499305,59.93915263814455,Poor Sleep,0.67,High movement or unstable HRV
1772598942172.0,0.05836770502144749,-0.05412812946052698,0.0706407924235196,67.19766522204725,Poor Sleep,0.67,High movement or unstable HRV
1772598942272.0,0.06357024470990476,-0.04392881863384621,0.02128209417085134,69.4392670781657,Poor Sleep,0.67,High movement or unstable HRV
1772598942372.0,0.08894028035583254,0.06394033948490056,0.03375237153404387,63.01303923579819,Poor Sleep,0.67,High movement or unstable HRV
1772598942472.0,0.02775890727215389,-0.03403830000069633,-0.024128288984281446,72.30695375468694,Poor Sleep,0.67,High movement or unstable HRV
1772598942572.0,0.011340915886130102,0.0700542327430696,0.01934070627634406,60.37447098145436,Poor Sleep,0.67,High movement or unstable HRV
1772598942672.0,0.0031149893600557945,-0.01681713402724344,0.010769038006904444,71.83751276921092,Poor Sleep,0.67,High movement or unstable HRV
1772598942772.0,-0.040626738668906516,0.0998381177887026,0.01305144457604021,64.1067563632962,Poor Sleep,0.67,High movement or unstable HRV
1772598942872.0,-0.042356841134942834,-0.009496951258749704,0.06936495543022814,72.27721957680265,Poor Sleep,0.67,High movement or unstable HRV
1772598942972.0,0.08170533606004794,0.008212003241908196,0.10200156932885056,69.26698437929386,Poor Sleep,0.67,High movement or unstable HRV
1772598943072.0,0.027854024317915282,0.06769278967974272,0.04270678698283645,69.92088789224161,Poor Sleep,0.67,High movement or unstable HRV
1772598943172.0,0.07576690261202965,-0.01792943218519622,0.018852423240593715,68.51046132490993,Poor Sleep,0.67,High movement or unstable HRV
1772598943272.0,0.03441859072299469,0.017517327880470706,-0.011821158300504642,65.21900142783646,Poor Sleep,0.67,High movement or unstable HRV
1772598943372.0,-0.09466984308024208,0.09067207598867118,-0.0040043590471109565,54.18564325203927,Poor Sleep,0.67,High movement or unstable HRV
1772598943472.0,-0.001609797953139697,0.01936392363836562,0.02937376580034083,57.937888409455795,Poor Sleep,0.67,High movement or unstable HRV
1772598943572.0,0.07900758555713855,0.11124737355631403,-0.012977425662348432,63.73772612846186,Poor Sleep,0.67,High movement or unstable HRV
1772598943672.0,0.028017820685907878,0.06929448253054336,-0.054003789372280446,64.23822474076167,Poor Sleep,0.67,High movement or unstable HRV
1772598943772.0,0.01723663522175175,0.06342663929470564,0.022189509385512764,66.00327805113783,Poor Sleep,0.67,High movement or unstable HRV
1772598943872.0,0.07375152175590464,0.05606771390990841,-0.004390728952406348,67.9494854481343,Poor Sleep,0.67,High movement or unstable HRV
1772598943972.0,-0.07859151885724254,0.08912836656803291,-0.026733304204186466,68.69470299933464,Poor Sleep,0.67,High movement or unstable HRV
1772598944072.0,0.16618317606516209,-0.025967744803244243,0.01221949864052058,66.14083238667914,Poor Sleep,0.67,High movement or unstable HRV
1772598944172.0,0.020831493124595597,-0.05952189917916343,0.08179855028824824,67.89681750985903,Poor Sleep,0.67,High movement or unstable HRV
1772598944272.0,-0.038699491578013376,-0.01275288003656558,-0.03044853934314165,70.98803376441832,Poor Sleep,0.67,High movement or unstable HRV
1772598944372.0,0.006209357810292892,0.08250525716056598,-0.023642855643691993,61.5758607236851,Poor Sleep,0.67,High movement or unstable HRV
1772598944472.0,-0.07562939770877149,-0.032659360859268655,0.06340912813227965,64.32353067995597,Poor Sleep,0.67,High movement or unstable HRV
1772598944572.0,0.06450771561351336,0.104657071967648,0.025356254525907174,63.50349067987006,Poor Sleep,0.67,High movement or unstable HRV
1772598944672.0,-0.030043053082085824,0.06089654111032641,-0.05290831853830082,70.08547535346577,Poor Sleep,0.67,High movement or unstable HRV
1772598944772.0,0.06490956448373204,-0.03074936000272361,0.015371901397441929,56.67116951089038,Poor Sleep,0.67,High movement or unstable HRV
1772598944872.0,0.03870947886078237,-0.03958675727221518,-0.006632150017842181,70.57147315671784,Poor Sleep,0.67,High movement or unstable HRV
1772598944972.0,-0.016786153309352604,-0.03371028040008478,0.07515135119484515,65.33649662765608,Poor Sleep,0.67,High movement or unstable HRV
1772598945072.0,0.0604253737448132,-0.028293777650995673,0.004806365888467691,63.2158120591738,Poor Sleep,0.67,High movement or unstable HRV
1772598945172.0,0.020988106062901347,0.10561168867612185,-0.0599963647534894,65.63437116071215,Poor Sleep,0.67,High movement or unstable HRV
1772598945272.0,0.05915486435516162,0.07957171998640858,0.07555644456626827,62.67494708539713,Poor Sleep,0.67,High movement or unstable HRV
1772598945372.0,0.037459482564307665,-0.01094098429492772,-0.05130236878055062,64.42689027400611,Poor Sleep,0.67,High movement or unstable HRV
1772598945472.0,0.005988372926860117,0.07826091931199622,-0.03422678208544518,70.81915704943911,Poor Sleep,0.67,High movement or unstable HRV
1772598945572.0,0.03918729298053418,0.1196430058318548,0.031632048418896636,61.82955495173859,Poor Sleep,0.67,High movement or unstable HRV
1772598945672.0,-0.025250727571049153,-0.06038466048796635,-0.06902942969151536,62.073127212091975,Poor Sleep,0.67,High movement or unstable HRV
1772598945772.0,0.037502204468021466,0.028785307236348222,0.0330042124357258,65.4892794167819,Poor Sleep,0.67,High movement or unstable HRV
1772598945872.0,-0.099914243845542,-0.00398870120641082,-0.0652297205694344,72.06629297898893,Poor Sleep,0.67,High movement or unstable HRV
1772598945972.0,-0.0392780583712979,-0.0021360098287624262,0.09586591515273239,63.6360292502518,Poor Sleep,0.67,High movement or unstable HRV
1772598946072.0,-0.08441836082799599,0.09520146678817477,-0.007238420948576569,64.40057335280294,Poor Sleep,0.67,High movement or unstable HRV
1772598946172.0,0.07612933215878726,-0.13924363448831245,0.04314837898796512,61.94549360072305,Poor Sleep,0.67,High movement or unstable HRV
1772598946272.0,-0.030435863194799746,-0.017580415417725925,0.06463344927495844,75.23280697750431,Poor Sleep,0.67,High movement or unstable HRV
1772598946372.0,0.042241227844021,0.003336335997158534,-0.024557316015476324,69.61326000911725,Poor Sleep,0.67,High movement or unstable HRV
1772598946472.0,0.06094090261987834,-0.11406873043860144,0.004939506197506665,55.6430358383958,Poor Sleep,0.67,High movement or unstable HRV
1772598946572.0,0.021076232556753213,-0.06629487124046393,0.008230875206440889,57.18617783410325,Poor Sleep,0.67,High movement or unstable HRV
1772598946672.0,0.07361840436982703,-0.09397944208420823,-0.02840924756006722,62.7607724434296,Poor Sleep,0.67,High movement or unstable HRV
1772598946772.0,0.0629669094757315,0.03437150690026676,0.09317949305117829,70.27670748635019,Poor Sleep,0.67,High movement or unstable HRV
1772598946872.0,0.0006140838016781957,0.004380245670139077,0.08939888854843733,56.94905629684737,Poor Sleep,0.67,High movement or unstable HRV
1772598946972.0,0.004574047150934871,0.059739664902649044,-0.10287222346095883,55.32565641149881,Poor Sleep,0.67,High movement or unstable HRV
1772598947072.0,-0.08082989554113978,0.0720777538037569,-0.07385032942677776,61.443969090107636,Poor Sleep,0.67,High movement or unstable HRV
1772598947172.0,0.0008886912154309912,-0.025730292306050707,0.04486559694652732,71.97864206996779,Poor Sleep,0.67,High movement or unstable HRV
1772598947272.0,0.01864946415942698,0.018388237630393746,0.015316620283898236,71.48765536011112,Poor Sleep,0.67,High movement or unstable HRV
1772598947372.0,0.03171656655943465,-0.024802899673438496,-0.01746801230492115,65.97123343552151,Poor Sleep,0.67,High movement or unstable HRV
1772598947472.0,0.05889557561966328,-0.00477195984643042,0.038628798284068046,68.64678882419335,Poor Sleep,0.67,High movement or unstable HRV
1772598947572.0,-0.005996469864304093,0.13325692335609862,0.011525140330896445,70.09841626795424,Poor Sleep,0.67,High movement or unstable HRV
1772598947672.0,0.035626978208792605,-0.08897530888808869,-0.010214345569722243,66.36424946347853,Poor Sleep,0.67,High movement or unstable HRV
1772598947772.0,-0.0070414354646910395,0.020708284025799484,-0.0014375637177089107,65.23918209803129,Poor Sleep,0.67,High movement or unstable HRV
1772598947872.0,0.06943892099747909,0.04966723714144745,-0.00862779045835334,62.65141459953311,Poor Sleep,0.67,High movement or unstable HRV
1772598947972.0,0.014620085651034894,0.07772255799674374,-0.09929996214063883,63.48125422467307,Poor Sleep,0.67,High movement or unstable HRV
1772598948072.0,0.05687464515136131,0.01829208336963461,-0.04409918200749274,65.76136261028965,Poor Sleep,0.67,High movement or unstable HRV
1772598948172.0,-0.06511121250801898,-0.09388973072235733,-0.04873152283355333,63.8731919987962,Poor Sleep,0.67,High movement or unstable HRV
1772598948272.0,0.0860055251338016,0.044385774861756065,-0.016073405912449018,63.56579721690535,Poor Sleep,0.67,High movement or unstable HRV
1772598948372.0,-0.08505025830116679,-0.04537479404493685,0.01724779318143682,65.13171259617489,Poor Sleep,0.67,High movement or unstable HRV
1772598948472.0,-0.031370772333680554,-0.07921698943236553,-0.04625061677258253,64.11398024431769,Poor Sleep,0.67,High movement or unstable HRV
1772598948572.0,0.04414301776429047,0.034630922547242336,0.012307352817039922,69.38215274676367,Poor Sleep,0.67,High movement or unstable HRV
1772598948672.0,-0.046404107947086416,-0.028323166729965606,-0.02784531899902904,60.832641357298854,Poor Sleep,0.67,High movement or unstable HRV
1772598948772.0,0.015456477569155129,-0.03107791152033823,-0.0473164004150393,64.4566953728975,Poor Sleep,0.67,High movement or unstable HRV
1772598948872.0,0.07694215262477734,0.03279480036586149,0.010473064422035522,59.71454126451345,Poor Sleep,0.67,High movement or unstable HRV
1772598948972.0,0.06754543162250783,-0.029481669979210513,0.004013437003859062,59.04339832748784,Poor Sleep,0.67,High movement or unstable HRV
1772598949072.0,0.017173727051301706,0.09555532694051071,-0.013364520961811921,58.98910904535653,Poor Sleep,0.67,High movement or unstable HRV
1772598949172.0,-0.0059288213967838895,-0.0934118578989049,0.016014464072764356,58.63891699173217,Poor Sleep,0.67,High movement or unstable HRV
1772598949272.0,0.026865125472103756,0.02654922013570126,0.02879878273578266,65.84236565637572,Poor Sleep,0.67,High movement or unstable HRV
1772598949372.0,-0.05464952808812131,-0.019238131807300024,-0.06577825394108447,61.921315660510224,Poor Sleep,0.67,High movement or unstable HRV
1772598949472.0,-0.033995855447398284,0.010374077145982038,0.024069092762222313,72.73343069789838,Poor Sleep,0.67,High movement or unstable HRV
1772598949572.0,0.022908747690509677,-0.019008354490010468,0.007312991332076413,51.675375438283055,Poor Sleep,0.67,High movement or unstable HRV
1772598949672.0,0.052890760491373694,0.10645264694118965,-0.049608757124186664,71.94479241213789,Poor Sleep,0.67,High movement or unstable HRV
1772598949772.0,0.05406686382852651,-0.026211600459243922,-0.005697355608308708,69.03091064637499,Poor Sleep,0.67,High movement or unstable HRV
1772598949872.0,-0.020605066136121092,0.023918625528732834,0.03149946462196528,61.47284667920273,Poor Sleep,0.67,High movement or unstable HRV
1772598949972.0,0.06970665861545487,0.011573724728945725,0.10419751413216456,69.2343523551997,Poor Sleep,0.67,High movement or unstable HRV
1772598950072.0,0.04814143856937558,-0.028472992223670578,0.03501913663039174,71.07450368564713,Poor Sleep,0.67,High movement or unstable HRV
1772598950172.0,0.049383694751032055,-0.016652435118898343,0.03789681941904921,63.678663512820016,Poor Sleep,0.67,High movement or unstable HRV
1772598950272.0,0.06768413529028622,0.011743340463328032,0.02930624127123147,63.889323999785134,Poor Sleep,0.67,High movement or unstable HRV
1772598950372.0,0.06715621167107362,0.039561353052334935,0.024015864071719586,60.21663076158784,Poor Sleep,0.67,High movement or unstable HRV
1772598950472.0,0.01769590674846965,-0.0364165257792023,0.0884269189337165,68.90317136229287,Poor Sleep,0.67,High movement or unstable HRV
1772598950572.0,0.05589134999808185,0.003440616884614358,-0.020761720764723553,68.99537540123885,Poor Sleep,0.67,High movement or unstable HRV
1772598950672.0,0.022049929342802296,-0.04331610193316051,0.07077214100107591,61.20156939799634,Poor Sleep,0.67,High movement or unstable HRV
1772598950772.0,-0.052552415580189964,0.027218311093776926,-0.009004897210816943,55.04351586401968,Poor Sleep,0.67,High movement or unstable HRV
1772598950872.0,0.0674449828302311,-0.035154596058680695,0.04383389590627755,60.54434613566187,Poor Sleep,0.67,High movement or unstable HRV
1772598950972.0,0.06683656249565786,0.015282824466797379,-0.009975828787047876,67.79757604220079,Poor Sleep,0.67,High movement or unstable HRV
1772598951072.0,-0.03934106496248045,0.02850774354924651,-0.03144154211242724,64.86944219553905,Poor Sleep,0.67,High movement or unstable HRV
1772598951172.0,-0.015826473884321506,0.04259454738376116,0.09264779716124084,67.0381044376418,Poor Sleep,0.67,High movement or unstable HRV
1772598951272.0,-0.035485489743329705,0.004364366974677991,-0.04398219132428172,68.91422767548987,Poor Sleep,0.67,High movement or unstable HRV
1772598951372.0,0.024037876362147534,0.030349480809031652,-0.027552545643298294,66.23153292789488,Poor Sleep,0.67,High movement or unstable HRV
1772598951472.0,0.0657484208956863,0.03299305902718861,0.015163244452509352,79.8554835962023,Poor Sleep,0.67,High movement or unstable HRV
1772598951572.0,0.08026008769181041,-0.016461229418963483,0.021835480392979355,74.42941436677376,Poor Sleep,0.67,High movement or unstable HRV
1772598951672.0,0.026076557207913617,0.10202137273703533,-0.002721787578905269,58.510944376338514,Poor Sleep,0.67,High movement or unstable HRV
1772598951772.0,0.04312911932077466,-0.0072841482037607815,-0.010527147495170948,67.47946354030346,Poor Sleep,0.67,High movement or unstable HRV
1772598951872.0,-0.022801965274181886,0.15837218605150072,0.035352540661728084,65.75401353851053,Poor Sleep,0.67,High movement or unstable HRV
1772598951972.0,-0.04497406226501211,-0.0023264648556098368,0.03529353593915625,67.32982682447552,Poor Sleep,0.67,High movement or unstable HRV
1772598952072.0,-0.07602549911693109,-0.05537678881126957,0.10193083227634103,61.21555205302878,Poor Sleep,0.67,High movement or unstable HRV
1772598952172.0,-0.03223158134633437,0.025338995005951832,0.04997495508382075,65.10048129471687,Poor Sleep,0.67,High movement or unstable HRV
1772598952272.0,-0.04466870922871454,-0.03398048004213597,-0.010480476375288554,64.30275606087773,Poor Sleep,0.67,High movement or unstable HRV
1772598952372.0,0.0069680497364459255,0.011239087631613154,-0.025970330599673498,64.02751157858977,Poor Sleep,0.67,High movement or unstable HRV
1772598952472.0,0.021699936215862844,0.011591955308661016,0.057882804587267876,59.62092885299666,Poor Sleep,0.67,High movement or unstable HRV
1772598952572.0,-0.018128919326376065,-0.04103188893159538,0.023650151788271196,68.46617253370088,Poor Sleep,0.67,High movement or unstable HRV
1772598952672.0,0.04122505926172286,-0.03162377672836635,-0.008424029595639681,76.49218281045817,Poor Sleep,0.67,High movement or unstable HRV
1772598952772.0,-0.00877523453475546,-0.03906742459512724,0.030554845938041773,63.87053209072516,Poor Sleep,0.67,High movement or unstable HRV
1772598952872.0,0.08616026248716795,0.08736041137804225,-0.04215242703107839,64.88791015055861,Poor Sleep,0.67,High movement or unstable HRV
1772598952972.0,0.01567441749941364,-0.07155001055381562,-0.004691531107998673,64.54075162088226,Poor Sleep,0.67,High movement or unstable HRV
1772598953072.0,-0.05230655573417929,0.07067200907750307,0.04694734960443804,68.08896934235685,Poor Sleep,0.67,High movement or unstable HRV
1772598953172.0,-0.13290620398506842,-0.02542050992138878,0.04782173848016668,71.8323662663904,Poor Sleep,0.67,High movement or unstable HRV
1772598953272.0,-0.03234669616123723,-0.01673764567977267,0.010259104750131547,60.25115726905634,Poor Sleep,0.67,High movement or unstable HRV
1772598953372.0,-0.037803317200081364,0.020986120449550793,0.013783605395666271,66.42125951537064,Poor Sleep,0.67,High movement or unstable HRV
1772598953472.0,-0.006115836135833405,0.0814188702899096,-0.019840221669135717,63.17228231055678,Poor Sleep,0.67,High movement or unstable HRV
1772598953572.0,0.008951958694519807,0.06951207125953063,0.016429592357374487,64.62729401851037,Poor Sleep,0.67,High movement or unstable HRV
1772598953672.0,0.05486919370220733,-0.007551107355082512,0.0734259088148193,61.61535081837507,Poor Sleep,0.67,High movement or unstable HRV
1772598953772.0,0.04479036898334639,0.05494306297620714,-0.0153289607030803,72.80134717413185,Poor Sleep,0.67,High movement or unstable HRV
1772598953872.0,0.03718454695222382,0.07322696421443607,0.003190225528485768,61.78680478639511,Poor Sleep,0.67,High movement or unstable HRV
1772598953972.0,0.04440823318773977,0.03890013926366424,0.013511287889634356,57.01031659791235,Poor Sleep,0.67,High movement or unstable HRV
1772598954072.0,-0.031983797517343336,0.030201453385628574,0.015510077152613079,61.405018311305106,Poor Sleep,0.67,High movement or unstable HRV
1772598954172.0,0.015606588539231272,-0.010156200409419029,0.04308844154074141,61.07018786519727,Poor Sleep,0.67,High movement or unstable HRV
1772598954272.0,-0.05639769466359524,0.05104868789236724,0.021381902359826996,67.01202443147953,Poor Sleep,0.67,High movement or unstable HRV
1772598954372.0,0.016107612929281864,0.02351778229341492,0.04472118657420314,67.89606874087949,Poor Sleep,0.67,High movement or unstable HRV
1772598954472.0,-0.04964160398882974,-0.08309041463678604,0.04096094543461983,54.64617381140759,Poor Sleep,0.67,High movement or unstable HRV
1772598954572.0,-0.09170866643059425,-0.022431125798775604,-0.019579975224748553,65.63705916049128,Poor Sleep,0.67,High movement or unstable HRV
1772598954672.0,-0.02256221655588029,-0.05712977291165545,0.03306411770420973,69.60846040350415,Poor Sleep,0.67,High movement or unstable HRV
1772598954772.0,-0.07722977866660154,0.007693188546394161,-0.07395499111455973,67.60389056300086,Poor Sleep,0.67,High movement or unstable HRV
1772598954872.0,-0.08013750605747146,0.07097763326584594,-0.07786363182575845,65.02905478607849,Poor Sleep,0.67,High movement or unstable HRV
1772598954972.0,0.06123362647170604,0.10239829434224379,0.07435900493226401,67.36460474042273,Poor Sleep,0.67,High movement or unstable HRV
1772598955072.0,0.0169167843289269,0.0018871232782271246,0.05784316577062705,73.30188452826494,Poor Sleep,0.67,High movement or unstable HRV
1772598955172.0,0.01876345043147692,0.017691010267028462,-0.047768419653129786,69.10628619622634,Poor Sleep,0.67,High movement or unstable HRV
1772598955272.0,-0.03288383373134624,0.014910482213157532,0.07882803210042319,62.90779921466452,Poor Sleep,0.67,High movement or unstable HRV
1772598955372.0,0.027083820842168774,-0.051470360148016925,-0.03780267215021328,60.63286621855007,Poor Sleep,0.67,High movement or unstable HRV
1772598955472.0,0.12023193145326065,-0.01856018482856906,-0.006924847275588982,63.780721686529816,Poor Sleep,0.67,High movement or unstable HRV
1772598955572.0,-0.006098480132212423,-0.03686911952831735,-0.001844209851719467,71.51803368196671,Poor Sleep,0.67,High movement or unstable HRV
1772598955672.0,0.14216789725873535,0.02374727054717485,-0.0612345013776105,59.58202248372683,Poor Sleep,0.67,High movement or unstable HRV
1772598955772.0,0.005378764444466444,-0.020393950160426354,-0.0025161886659469234,78.25755234412503,Poor Sleep,0.67,High movement or unstable HRV
1772598955872.0,0.02977050159913599,0.014268309661063946,0.025419063616686173,55.091605108628414,Poor Sleep,0.67,High movement or unstable HRV
1772598955972.0,-0.05090249606275875,-0.001738138844482472,-0.09694982598019937,62.19036008700521,Poor Sleep,0.67,High movement or unstable HRV
1772598956072.0,0.05259926202191167,0.07899091376523584,0.011674653468724844,61.947948619646894,Poor Sleep,0.67,High movement or unstable HRV
1772598956172.0,0.011552213558213504,-0.07272919456896004,0.020982419971604195,72.00612921960499,Poor Sleep,0.67,High movement or unstable HRV
1772598956272.0,-0.02767110201283074,0.011522000312274228,-0.05450789370272228,67.38801796612266,Poor Sleep,0.67,High movement or unstable HRV
1772598956372.0,0.0019394326708001702,0.07390273089639587,0.07472209598045827,76.505439726477,Poor Sleep,0.67,High movement or unstable HRV
1772598956472.0,0.036009288495909265,0.024342675983847057,-0.033236336066828694,68.2391699145696,Poor Sleep,0.67,High movement or unstable HRV
1772598956572.0,-0.03742336109798603,0.005146421493734088,-0.02894230879609791,70.02505202464557,Poor Sleep,0.67,High movement or unstable HRV
1772598956672.0,0.032509929428388616,0.05602725182354791,0.05951742225234361,59.29806731685961,Poor Sleep,0.67,High movement or unstable HRV
1772598956772.0,-0.021052318770026855,0.055278183575391555,-0.05688357339849614,65.28879374325214,Poor Sleep,0.67,High movement or unstable HRV
1772598956872.0,-0.030934686899270723,-0.0071113084801988895,0.17464709057686512,66.35993115468705,Poor Sleep,0.67,High movement or unstable HRV
1772598956972.0,0.019988641320130306,0.006316980256450578,0.04800143640102509,63.73744160098281,Poor Sleep,0.67,High movement or unstable HRV
1772598957072.0,-0.07001768095431742,0.06362146740084276,0.014699465470630245,77.8650837743711,Poor Sleep,0.67,High movement or unstable HRV
1772598957172.0,0.04632050459763597,0.015597466203297133,-0.04268038864529541,65.57291937509986,Poor Sleep,0.67,High movement or unstable HRV
1772598957272.0,0.016746035498168752,0.004682268898926787,-0.040149532909982584,55.27089826326499,Poor Sleep,0.67,High movement or unstable HRV
1772598957372.0,0.04541066853604073,0.018168176660059796,0.07223149760696201,77.69406310017581,Poor Sleep,0.67,High movement or unstable HRV
1772598957472.0,-0.026275726754966436,-0.03500859379826306,-0.020024062645486763,68.06644498689994,Poor Sleep,0.67,High movement or unstable HRV
1772598957572.0,-0.03617387414320256,0.013415039151053347,0.00943337803172757,68.29147795347664,Poor Sleep,0.67,High movement or unstable HRV
1772598957672.0,0.0021611125171878028,0.10962873716972575,-0.02659300325071784,60.73996410605522,Poor Sleep,0.67,High movement or unstable HRV
1772598957772.0,0.005781227877069774,0.12213585161381528,0.06821564426580719,66.64774130607123,Poor Sleep,0.67,High movement or unstable HRV
1772598957872.0,0.02842493740169111,0.0213281456099153,-0.02176687726016096,70.42063782576896,Poor Sleep,0.67,High movement or unstable HRV
1772598957972.0,-0.006977092474043914,0.04864129582890898,0.002146682118572862,62.72091269845698,Poor Sleep,0.67,High movement or unstable HRV
1772598958072.0,0.00377329630004177,0.047341442459727115,0.011323857761868408,58.0485973867098,Poor Sleep,0.67,High movement or unstable HRV
1772598958172.0,-0.0069515167411821534,-0.011414797965403378,-0.0452116777636864,64.08581879681091,Poor Sleep,0.67,High movement or unstable HRV
1772598958272.0,-0.009386303255707733,-0.025119485478668296,0.053110655532486055,65.16839812558757,Poor Sleep,0.67,High movement or unstable HRV
1772598958372.0,-0.04500903105968313,0.08486249902836382,-0.010725047872192155,65.5456169666783,Poor Sleep,0.67,High movement or unstable HRV
1772598958472.0,-0.001218216483609428,0.0029365150518845078,0.007301444528328613,65.73705357238583,Poor Sleep,0.67,High movement or unstable HRV
1772598958572.0,-0.05308509796256599,0.022639945391521355,-0.031601094377424394,63.35685635934601,Poor Sleep,0.67,High movement or unstable HRV
1772598958672.0,-0.024202891165882826,-0.013074507908374592,0.08874489718120689,72.96454842789511,Poor Sleep,0.67,High movement or unstable HRV
1772598958772.0,-0.0095290689745958,0.045927355702552394,0.016910689576740103,58.8792174921542,Poor Sleep,0.67,High movement or unstable HRV
1772598958872.0,0.053493372548909505,0.04402881701362753,-0.03884562567437489,73.14927819061985,Poor Sleep,0.67,High movement or unstable HRV
1772598958972.0,0.031137770151479637,-0.03918599513530514,0.03181096568417928,71.61590569873815,Poor Sleep,0.67,High movement or unstable HRV
1772598959072.0,0.03587235798239807,0.04842988735281805,-0.05222142057827327,63.086881289128954,Poor Sleep,0.67,High movement or unstable HRV
1772598959172.0,-0.014396771429238378,-0.07516250436301354,-0.006088708657135516,61.28130770217822,Poor Sleep,0.67,High movement or unstable HRV
1772598959272.0,-0.005619909801120005,-0.006246637691724717,0.06740118537859123,65.70285400997606,Poor Sleep,0.67,High movement or unstable HRV
1772598959372.0,0.00361986699489868,0.04169910649443519,0.04267226275662768,60.823130359534844,Poor Sleep,0.67,High movement or unstable HRV
1772598959472.0,-0.010255972932427413,-0.016744350354332936,0.06825202576860791,59.39970547257117,Poor Sleep,0.67,High movement or unstable HRV
1772598959572.0,0.036983543820720735,0.015242408952096807,-0.05054290063188944,69.03416929021672,Poor Sleep,0.67,High movement or unstable HRV
1772598959672.0,0.020278085660779988,-0.023349450351757187,-0.007422138515795517,64.39171581963319,Poor Sleep,0.67,High movement or unstable HRV
1772598959772.0,0.03757146171943523,-0.031562022345917276,0.04381907177814183,65.33487154967007,Poor Sleep,0.67,High movement or unstable HRV
1772598959872.0,-0.026712743556612302,0.054892208945647294,0.0012192281172337983,70.48627212339926,Poor Sleep,0.67,High movement or unstable HRV
1772598959972.0,0.080619836180993,0.07575664337887833,0.020987134603519066,72.49815904922566,Poor Sleep,0.67,High movement or unstable HRV
1772598960072.0,0.03566455800801597,0.0005356117902380816,-0.03405594464366328,65.17248712766533,Poor Sleep,0.67,High movement or unstable HRV
1772598960172.0,0.05151490423162109,-0.03143985421316275,-0.008008784499911577,62.08833420029471,Poor Sleep,0.67,High movement or unstable HRV
1772598960272.0,0.04475415805708856,-0.01499508124020651,0.024702995405719658,67.11750076652075,Poor Sleep,0.67,High movement or unstable HRV
1772598960372.0,0.08317626648784202,0.0796855733735328,0.05217874594128802,57.59585461870142,Poor Sleep,0.67,High movement or unstable HRV
1772598960472.0,0.06922421422011824,0.018008123040534535,0.10147155046485055,67.75404860139906,Poor Sleep,0.67,High movement or unstable HRV
1772598960572.0,0.06462975852115771,0.043953683728739444,0.048328343917279096,58.16826971895776,Poor Sleep,0.67,High movement or unstable HRV
1772598960672.0,0.020022400015262405,0.007686130994392729,0.06105460344686959,70.85457207836882,Poor Sleep,0.67,High movement or unstable HRV
1772598960772.0,0.032005942000234516,0.05994604173592876,0.016664521302382128,60.38247557685051,Poor Sleep,0.67,High movement or unstable HRV
1772598960872.0,0.05854022022631905,-0.010152057091671668,0.09647571210082762,52.45846812075929,Poor Sleep,0.67,High movement or unstable HRV
1772598960972.0,-0.04469483664685459,-0.12179018280173713,-0.036417724873702116,64.44909571971482,Poor Sleep,0.67,High movement or unstable HRV
1772598961072.0,0.019729985480744804,0.055321960812346055,-0.06881145738145036,63.12830456859625,Poor Sleep,0.67,High movement or unstable HRV
1772598961172.0,0.03251498046507062,-0.0660450949762076,0.02080834278921572,66.76688390890057,Poor Sleep,0.67,High movement or unstable HRV
1772598961272.0,0.06838816825270623,-0.10616420282191649,0.06082927940799488,60.038733501428894,Poor Sleep,0.67,High movement or unstable HRV
1772598961372.0,-0.01332005800411904,0.045793896084159944,-0.05479163404542443,74.28317633215329,Poor Sleep,0.67,High movement or unstable HRV
1772598961472.0,0.002222487159629718,0.06474090656199942,0.06197137265917417,61.90988786926808,Poor Sleep,0.67,High movement or unstable HRV
1772598961572.0,0.05063883575579891,0.001884173425044204,0.14039374264879922,62.163417649890775,Poor Sleep,0.67,High movement or unstable HRV
1772598961672.0,0.021591027150671967,-0.011506164505265202,0.02817367679538023,68.40598356468588,Poor Sleep,0.67,High movement or unstable HRV
1772598961772.0,0.06965579326238018,0.019100408063362467,0.03873190466255908,61.70008271138911,Poor Sleep,0.67,High movement or unstable HRV
1772598961872.0,0.014474241266623621,0.07112446566610196,-0.006399366941735941,66.47576804144622,Poor Sleep,0.67,High movement or unstable HRV
1772598961972.0,-0.015425100127344516,0.041527738392395645,0.05119752123979038,57.212329994930315,Poor Sleep,0.67,High movement or unstable HRV
1772598962072.0,0.0946974855635792,0.0023611261701696074,0.04536265196635052,66.23689429812751,Poor Sleep,0.67,High movement or unstable HRV
1772598962172.0,-0.04265556129748999,0.06329789028067183,0.03248942413005546,70.25252736146236,Poor Sleep,0.67,High movement or unstable HRV
1772598962272.0,-0.034097573117740025,0.028093765090370745,0.03730683320799617,61.10136111654853,Poor Sleep,0.67,High movement or unstable HRV
1772598962372.0,0.015323555992899592,0.010233042587986227,0.0010591256070121725,63.27602059870388,Poor Sleep,0.67,High movement or unstable HRV
1772598962472.0,-0.04149099374126684,-0.007466036578041476,0.0702182276467127,57.120345817441816,Poor Sleep,0.67,High movement or unstable HRV
1772598962572.0,0.0002782084639983192,-0.08423626161349901,0.10285746783822791,66.77514723693743,Poor Sleep,0.67,High movement or unstable HRV
1772598962672.0,-0.05300771865143027,-0.07209854835297123,-0.0009414804571753511,61.644372895616954,Poor Sleep,0.67,High movement or unstable HRV
1772598962772.0,-0.017549390077786595,0.028737821897321228,0.02528133653339364,56.83606380568355,Poor Sleep,0.67,High movement or unstable HRV
1772598962872.0,0.038558341852267065,-0.10393395076183722,0.04488279050046546,70.92361031771611,Poor Sleep,0.67,High movement or unstable HRV
1772598962972.0,0.060679062808435553,0.08306416198467181,-0.04660455805547268,70.64466302868892,Poor Sleep,0.67,High movement or unstable HRV
1772598963072.0,-0.00010258544507193469,-0.05855743571076443,0.03816375395116998,58.32400602308688,Poor Sleep,0.67,High movement or unstable HRV
1772598963172.0,0.06532692872238177,-0.04013314859386739,0.08893866587802553,62.47260226672261,Poor Sleep,0.67,High movement or unstable HRV
1772598963272.0,-0.009967283956230944,0.015463035871493626,0.01290494304753816,66.73295981063934,Poor Sleep,0.67,High movement or unstable HRV
1772598963372.0,0.06968683497859364,0.038912242222189614,0.11691349338464106,63.551010555216926,Poor Sleep,0.67,High movement or unstable HRV
1772598963472.0,0.06260702566568307,0.06752111321159902,-0.04470207205764404,52.046929918672575,Poor Sleep,0.67,High movement or unstable HRV
1772598963572.0,0.10330659929410511,0.03247980510320159,0.05467169184379829,80.2154965680628,Poor Sleep,0.67,High movement or unstable HRV
1772598963672.0,0.06385972089759694,0.0030856763936621756,0.10974748847822015,65.36126624479317,Poor Sleep,0.67,High movement or unstable HRV
1772598963772.0,0.15340702197724487,-0.06637042233088199,0.007702133169276397,67.85985504662908,Poor Sleep,0.67,High movement or unstable HRV
1772598963872.0,-0.11719567653113803,-0.0533569042642052,-0.0314333755702678,64.220745019573,Poor Sleep,0.67,High movement or unstable HRV
1772598963972.0,0.0048133059245808445,0.0701121137302564,0.10644801433235437,65.32141689154145,Poor Sleep,0.67,High movement or unstable HRV
1772598964072.0,-0.030074162173484527,0.01060064817805388,-0.02104958021660914,55.890260571552155,Poor Sleep,0.67,High movement or unstable HRV
1772598964172.0,-0.019681047185478043,0.028809054725873556,0.05906785541085774,63.41977007807311,Poor Sleep,0.67,High movement or unstable HRV
1772598964272.0,-0.03743520691828086,-0.02931440561613459,0.016398813295043124,66.57092232200696,Poor Sleep,0.67,High movement or unstable HRV
1772598964372.0,0.10388420895965654,-0.06688259724713758,0.07153019688003454,59.912721200554465,Poor Sleep,0.67,High movement or unstable HRV
1772598964472.0,0.0585172687974863,-0.02907322514600598,-0.02397826184003623,66.75059591992287,Poor Sleep,0.67,High movement or unstable HRV
1772598964572.0,-0.053329962475897975,-0.03014929571566939,0.08099892939771733,64.99102341244775,Poor Sleep,0.67,High movement or unstable HRV
1772598964672.0,0.05868293691855759,-0.04254714635189265,0.006268655552014203,62.547610686454696,Poor Sleep,0.67,High movement or unstable HRV
1772598964772.0,-0.024753965783798022,-0.010312468236530698,-0.05811509707221347,67.5705772600387,Poor Sleep,0.67,High movement or unstable HRV
1772598964872.0,0.026383718571864098,-0.09625031047544934,-0.006634570595321387,68.65076487982101,Poor Sleep,0.67,High movement or unstable HRV
1772598964972.0,0.0061174619506036525,-0.02249075049891449,0.00918797786821511,73.21296715264702,Poor Sleep,0.67,High movement or unstable HRV
1772598965072.0,0.07622652601454438,0.04556857381007111,0.012525884386086822,66.40641750946571,Poor Sleep,0.67,High movement or unstable HRV
1772598965172.0,0.06079420247802568,0.01672594052697135,-0.013733953404909975,65.56922363544061,Poor Sleep,0.67,High movement or unstable HRV
1772598965272.0,0.04532822407819631,-0.014638235998081952,-0.026943241854974417,57.33386052779216,Poor Sleep,0.67,High movement or unstable HRV
1772598965372.0,0.0730244957217165,0.004641881683713827,0.06368806938445752,66.05200047867511,Poor Sleep,0.67,High movement or unstable HRV
1772598965472.0,0.0118596223426833,-0.0680121124805029,0.001843364343085921,54.29099374066577,Poor Sleep,0.67,High movement or unstable HRV
1772598965572.0,-0.01090786367329826,0.010900443006641095,0.028589695132045706,70.64527648572746,Poor Sleep,0.67,High movement or unstable HRV
1772598965672.0,0.08516096196700144,0.07276519465680063,0.06021398646137901,67.94875114041447,Poor Sleep,0.67,High movement or unstable HRV
1772598965772.0,0.006892812477945922,0.030846576217129516,-0.03759218999740148,62.79507060781622,Poor Sleep,0.67,High movement or unstable HRV
1772598965872.0,-0.04332260168910438,0.0013519320879911492,-0.1246270127745127,57.984980294923005,Poor Sleep,0.67,High movement or unstable HRV
1772598965972.0,-0.008571030570898633,0.03676778518559815,-0.04204325066234462,66.38203966912465,Poor Sleep,0.67,High movement or unstable HRV
1772598966072.0,0.04328982488874698,-0.06647245869515969,0.01027229227687988,65.05016773517089,Poor Sleep,0.67,High movement or unstable HRV
1772598966172.0,0.08097333396196198,0.12201632808494965,0.04677013170172757,65.4104597427738,Poor Sleep,0.67,High movement or unstable HRV
1772598966272.0,0.09252583127986878,0.01608985097163984,-0.007145758359540956,73.34640103846233,Poor Sleep,0.67,High movement or unstable HRV
1772598966372.0,-0.01896417543750443,-0.006592528261174608,-0.08198808973462066,64.22695157386632,Poor Sleep,0.67,High movement or unstable HRV
1772598966472.0,0.04847568688416288,0.026197267150571246,0.0579016571077571,61.24363073548116,Poor Sleep,0.67,High movement or unstable HRV
1772598966572.0,0.018219671041058975,0.005321200234206288,0.030765971952807003,65.27219626427343,Poor Sleep,0.67,High movement or unstable HRV
1772598966672.0,-0.025930471190160093,0.008136393868313243,0.06263572311270336,66.16403284984455,Poor Sleep,0.67,High movement or unstable HRV
1772598966772.0,-0.08348491309370198,0.059293019603777274,0.053343723637798976,58.38806588978419,Poor Sleep,0.67,High movement or unstable HRV
1772598966872.0,-0.024132002530327684,0.007307345919523428,0.062085376017477184,61.805024910844615,Poor Sleep,0.67,High movement or unstable HRV
1772598966972.0,-0.030115039339799754,-0.04708582293102077,-0.04300759935372029,61.46576857530843,Poor Sleep,0.67,High movement or unstable HRV
1772598967072.0,-0.04460383545039879,-0.03294559537457257,0.052198583568183764,66.832821994059,Poor Sleep,0.67,High movement or unstable HRV
1772598967172.0,-0.013783170430731186,0.034986589109158084,-0.0077622800820483315,68.33995415968553,Poor Sleep,0.67,High movement or unstable HRV
1772598967272.0,-0.02059313450609041,-0.03512876914208738,0.14046123856079792,69.89726090500952,Poor Sleep,0.67,High movement or unstable HRV
1772598967372.0,-0.024531707805593807,0.01928490055067767,-0.04108683890526416,64.8065308660329,Poor Sleep,0.67,High movement or unstable HRV
1772598967472.0,0.06929839545892351,0.020656700739977725,0.039443426329333627,60.19155512259984,Poor Sleep,0.67,High movement or unstable HRV
1772598967572.0,0.027149986162874215,0.0356328018658802,-0.00329158373430612,63.84390149387914,Poor Sleep,0.67,High movement or unstable HRV
1772598967672.0,0.03552381807077489,-0.027542732745586114,-0.04768458280526537,56.095648780450134,Poor Sleep,0.67,High movement or unstable HRV
1772598967772.0,0.013995441808335157,-0.03128505626196538,-0.008056985464505886,65.36446678464893,Poor Sleep,0.67,High movement or unstable HRV
1772598967872.0,0.01674758105476716,0.084403015574988,0.040537461706230134,69.88846101734329,Poor Sleep,0.67,High movement or unstable HRV
1772598967972.0,0.041548138091201794,0.0025335285617144373,0.059279173031705136,68.04567173471106,Poor Sleep,0.67,High movement or unstable HRV
1772598968072.0,0.017037631695588147,-0.07205705364863725,-0.010006638777251742,61.419318785289974,Poor Sleep,0.67,High movement or unstable HRV
1772598968172.0,0.0740292769499955,0.037411425948914064,-0.0862612994614584,71.87024826954027,Poor Sleep,0.67,High movement or unstable HRV
1772598968272.0,0.011631852299189897,0.0410741683197643,-0.08132878182573004,61.920144639256854,Poor Sleep,0.67,High movement or unstable HRV
1772598968372.0,0.0006087005592563914,-0.045256993956775016,0.002036809437474557,63.53960207514087,Poor Sleep,0.67,High movement or unstable HRV
1772598968472.0,0.005223031958043194,0.03798481370166185,-0.05180196705959741,60.755202620837736,Poor Sleep,0.67,High movement or unstable HRV
1772598968572.0,-0.03154247092885914,0.04211214328244057,0.06052046234720133,68.06703520627491,Poor Sleep,0.67,High movement or unstable HRV
